id,ip_address,date
1,193.56.255.179:3128,2020-02-19 15:35:25
2,161.202.110.154:12345,2020-02-01 20:29:35
3,165.22.14.213:8080,2020-02-12 20:06:41
4,139.59.1.14:8080,2020-02-02 2:42:53
5,37.120.239.152:3128,2020-02-20 4:43:43
6,49.204.79.85:80,2020-02-23 3:45:10
7,78.47.16.54:80,2020-02-09 15:23:54
8,101.108.118.71:8080,2020-02-20 9:56:58
9,118.99.113.15:8080,2020-02-08 12:21:26
10,183.89.91.15:8080,2020-02-14 20:33:36
11,179.154.254.137:8080,2020-02-27 19:03:24
12,36.65.213.43:8080,2020-02-04 3:59:18
13,182.253.167.234:8080,2020-02-15 6:34:11
14,118.174.234.21:43195,2020-02-09 19:09:47
15,150.239.66.249:3128,2020-02-09 15:29:45
16,175.100.103.132:55667,2020-02-27 14:39:00
17,89.221.223.204:80,2020-02-04 3:28:05
18,46.21.153.16:3128,2020-02-28 7:00:52
19,181.129.74.58:40667,2020-02-21 14:57:46
20,185.186.208.243:8080,2020-02-13 3:25:11
21,136.233.215.140:80,2020-02-08 13:10:02
22,165.22.97.240:8080,2020-02-08 12:21:35
23,161.202.110.154:12345,2020-02-04 4:01:00
24,165.22.14.213:8080,2020-02-28 21:17:49
25,139.59.1.14:8080,2020-02-06 22:58:32
26,37.120.239.152:3128,2020-02-25 23:09:45
27,49.204.79.85:80,2020-02-09 3:56:43
28,78.47.16.54:80,2020-02-04 16:58:34
29,193.56.255.180:3128,2020-02-24 21:31:18
30,192.109.165.129:80,2020-02-01 13:09:32
31,68.183.192.29:8080,2020-02-20 17:56:18
32,103.134.255.128:80,2020-02-22 4:31:41
33,150.239.65.242:3128,2020-02-23 16:15:38
34,191.101.39.154:80,2020-02-13 20:34:54
35,114.7.27.98:8080,2020-02-28 10:11:41
36,112.169.9.162:80,2020-02-25 11:03:03
37,191.100.20.187:8080,2020-02-11 23:35:33
38,185.128.136.244:3128,2020-02-20 3:19:05
39,84.53.247.204:53281,2020-02-20 19:07:59
40,89.147.203.190:3128,2020-02-10 19:37:37
41,198.211.100.174:3128,2020-02-08 7:14:33
42,181.198.97.241:30072,2020-02-08 22:55:30
43,181.129.183.19:53281,2020-02-26 14:33:35
44,208.80.28.208:8080,2020-02-15 10:46:05
45,200.62.96.71:80,2020-02-05 19:26:17
46,185.236.202.168:3128,2020-02-27 17:12:37
47,88.150.230.197:80,2020-02-03 2:23:32
48,185.189.112.133:3128,2020-02-02 7:01:48
49,37.120.145.154:3128,2020-02-16 22:01:50
50,38.132.99.207:3128,2020-02-14 11:27:33
51,3.224.205.253:80,2020-02-02 4:58:01
52,193.56.255.181:3128,2020-02-27 12:44:36
53,45.79.39.147:3128,2020-02-23 15:43:49
54,178.33.251.230:3129,2020-02-24 2:08:24
55,51.158.165.18:8811,2020-02-25 18:33:37
56,13.234.64.236:80,2020-02-05 10:58:49
57,38.132.99.208:3128,2020-02-16 4:16:03
58,119.81.189.194:80,2020-02-25 7:55:16
59,12.20.241.112:80,2020-02-18 13:24:51
60,198.50.163.192:3129,2020-02-20 1:43:29
61,3.35.4.62:3128,2020-02-03 7:17:02
62,51.158.119.88:8811,2020-02-07 10:45:39
63,103.134.255.248:80,2020-02-10 7:45:13
64,103.134.255.170:80,2020-02-25 20:02:35
65,103.134.255.238:80,2020-02-10 15:57:56
66,103.134.255.116:80,2020-02-04 8:52:23
67,103.134.255.77:80,2020-02-22 19:37:53
68,103.134.255.102:80,2020-02-29 2:19:52
69,146.59.241.29:80,2020-02-14 23:43:26
70,134.209.227.44:8080,2020-02-04 4:23:06
71,51.158.68.133:8811,2020-02-03 10:21:20
72,51.158.68.68:8811,2020-02-15 13:40:26
73,37.120.222.132:3128,2020-02-14 7:43:54
74,193.29.104.99:3128,2020-02-06 6:49:29
75,176.9.119.170:8080,2020-02-24 18:40:17
76,182.160.124.26:8081,2020-02-25 19:10:58
77,51.255.103.170:3129,2020-02-14 20:06:45
78,112.169.9.162:80,2020-02-11 0:12:11
79,191.100.20.187:8080,2020-02-04 12:37:48
80,185.128.136.244:3128,2020-02-22 1:55:41
81,84.53.247.204:53281,2020-02-28 0:10:05
82,89.147.203.190:3128,2020-02-21 0:32:44
83,198.211.100.174:3128,2020-02-18 17:59:06
84,181.198.97.241:30072,2020-02-27 3:02:32
85,181.129.183.19:53281,2020-02-19 0:18:26
86,51.79.144.52:3128,2020-02-21 13:17:11
87,87.139.186.134:8080,2020-02-24 19:58:33
88,104.238.81.186:56227,2020-02-04 5:42:38
89,150.239.65.122:3128,2020-02-14 18:01:21
90,5.190.141.98:8080,2020-02-10 1:12:29
91,185.186.208.243:8080,2020-02-16 18:26:24
92,167.172.184.166:38318,2020-02-15 7:57:09
93,195.7.9.141:8080,2020-02-03 21:29:23
94,179.184.230.194:46365,2020-02-20 10:37:31
95,134.209.29.120:8080,2020-02-21 2:05:31
96,5.252.161.48:8080,2020-02-02 6:15:29
97,125.26.99.185:36525,2020-02-14 22:19:39
98,52.69.19.32:80,2020-02-02 16:53:52
99,58.162.229.173:37738,2020-02-09 1:26:25
100,185.236.202.168:3128,2020-02-18 20:43:19
101,88.150.230.197:80,2020-02-13 16:27:22
102,185.189.112.133:3128,2020-02-17 11:26:03
103,37.120.145.154:3128,2020-02-02 6:59:40
104,38.132.99.207:3128,2020-02-13 15:50:15
105,3.224.205.253:80,2020-02-11 14:59:31
106,193.56.255.181:3128,2020-02-10 14:49:41
107,45.79.39.147:3128,2020-02-25 12:55:09
108,178.33.251.230:3129,2020-02-25 10:02:32
109,51.158.165.18:8811,2020-02-11 3:01:40
110,13.234.64.236:80,2020-02-19 23:06:00
111,38.132.99.208:3128,2020-02-04 16:11:19
112,119.81.189.194:80,2020-02-08 15:46:35
113,12.20.241.112:80,2020-02-28 3:07:54
114,198.50.163.192:3129,2020-02-17 13:39:49
115,84.53.247.204:53281,2020-02-28 6:02:17
116,89.147.203.190:3128,2020-02-08 10:45:54
117,198.211.100.174:3128,2020-02-23 17:20:42
118,181.198.97.241:30072,2020-02-10 14:59:41
119,181.129.183.19:53281,2020-02-23 21:25:07
120,51.79.144.52:3128,2020-02-17 14:36:44
121,87.139.186.134:8080,2020-02-08 18:38:30
122,104.238.81.186:56227,2020-02-26 2:21:20
123,150.239.65.122:3128,2020-02-11 20:59:12
124,5.190.141.98:8080,2020-02-19 12:25:46
125,185.186.208.243:8080,2020-02-13 16:29:00
126,136.233.215.140:80,2020-02-05 15:44:20
127,165.22.97.240:8080,2020-02-20 4:33:08
128,161.202.110.154:12345,2020-02-09 0:30:33
129,165.22.14.213:8080,2020-02-10 19:32:59
130,139.59.1.14:8080,2020-02-09 10:10:15
131,37.120.239.152:3128,2020-02-14 8:32:59
132,49.204.79.85:80,2020-02-27 4:15:58
133,78.47.16.54:80,2020-02-02 8:18:21
134,179.154.254.137:8080,2020-02-10 7:50:18
135,36.65.213.43:8080,2020-02-24 1:54:33
136,24.248.207.7:55443,2020-02-11 3:38:42
137,165.227.11.196:80,2020-02-11 19:49:56
138,118.173.233.149:45160,2020-02-02 1:20:58
139,150.239.66.157:3128,2020-02-14 14:37:15
140,185.142.67.23:8080,2020-02-01 19:20:37
141,45.70.106.78:55443,2020-02-07 1:44:29
142,106.104.148.208:80,2020-02-28 4:57:43
143,209.127.55.18:3128,2020-02-03 3:10:21
144,183.87.153.98:49602,2020-02-28 20:05:34
145,46.209.63.177:3128,2020-02-05 23:58:51
146,187.243.250.10:8080,2020-02-28 15:44:17
147,178.128.235.43:8080,2020-02-05 0:55:49
148,191.101.39.238:80,2020-02-21 1:56:11
149,51.75.147.40:3128,2020-02-15 7:03:30
150,82.99.217.18:8080,2020-02-18 0:33:42
151,185.128.136.252:3128,2020-02-08 21:12:48
152,51.158.180.179:8811,2020-02-16 9:42:39
153,165.22.81.30:42040,2020-02-29 4:46:51
154,14.97.2.105:80,2020-02-26 4:40:31
155,134.209.187.145:8080,2020-02-14 1:36:45
156,103.134.255.199:80,2020-02-28 16:06:59
157,46.4.96.137:3128,2020-02-07 3:54:27
158,185.128.136.231:3128,2020-02-06 4:28:35
159,157.230.103.189:36366,2020-02-20 10:32:23
160,167.99.225.217:8080,2020-02-12 20:00:38
161,138.68.60.8:8080,2020-02-14 11:12:04
162,103.134.255.128:80,2020-02-23 8:22:27
163,150.239.65.242:3128,2020-02-22 12:44:40
164,191.101.39.154:80,2020-02-03 19:53:53
165,114.7.27.98:8080,2020-02-05 2:16:36
166,112.169.9.162:80,2020-02-21 18:38:39
167,191.100.20.187:8080,2020-02-29 21:49:02
168,185.128.136.244:3128,2020-02-07 4:21:19
169,84.53.247.204:53281,2020-02-10 15:27:22
170,186.220.85.238:32231,2020-02-02 15:35:10
171,191.96.71.118:3128,2020-02-18 5:56:11
172,209.97.150.167:8080,2020-02-22 21:35:09
173,102.129.249.120:8080,2020-02-15 19:27:27
174,161.35.70.249:3128,2020-02-05 15:48:04
175,191.96.42.80:8080,2020-02-06 23:49:42
176,128.199.202.122:3128,2020-02-14 23:30:26
177,14.139.57.195:23500,2020-02-06 10:19:19
178,198.199.86.11:3128,2020-02-23 11:23:43
179,139.162.78.109:8080,2020-02-24 12:42:18
180,136.233.215.137:80,2020-02-17 20:28:02
181,88.198.24.108:8080,2020-02-21 2:38:10
182,51.222.73.116:3128,2020-02-01 3:50:03
183,101.109.255.17:43501,2020-02-12 2:36:54
184,136.233.215.142:80,2020-02-26 4:22:58
185,207.246.125.45:8080,2020-02-18 23:12:31
186,181.129.183.19:53281,2020-02-16 4:03:51
187,51.79.144.52:3128,2020-02-17 0:58:51
188,87.139.186.134:8080,2020-02-23 3:04:47
189,104.238.81.186:56227,2020-02-03 20:21:01
190,150.239.65.122:3128,2020-02-04 2:11:17
191,5.190.141.98:8080,2020-02-26 20:28:15
192,185.186.208.243:8080,2020-02-09 3:52:08
193,136.233.215.140:80,2020-02-21 9:10:29
194,165.22.97.240:8080,2020-02-25 1:31:28
195,161.202.110.154:12345,2020-02-10 3:30:14
196,165.22.14.213:8080,2020-02-23 4:50:51
197,139.59.1.14:8080,2020-02-05 23:20:07
198,37.120.239.152:3128,2020-02-12 5:52:19
199,49.204.79.85:80,2020-02-29 0:04:23
200,78.47.16.54:80,2020-02-08 14:17:35
201,179.154.254.137:8080,2020-02-02 22:07:32
202,36.65.213.43:8080,2020-02-14 5:19:07
203,7.120.239.152:3128,2020-02-26 22:06:11
204,49.204.79.85:80,2020-02-22 0:35:51
205,151.232.72.13:80,2020-02-05 13:46:59
206,150.239.65.248:3128,2020-02-22 0:05:28
207,150.239.66.73:3128,2020-02-20 11:50:08
208,14.97.2.105:80,2020-02-10 2:02:43
209,134.209.187.145:8080,2020-02-25 16:54:21
210,103.134.255.199:80,2020-02-28 15:07:04
211,46.4.96.137:3128,2020-02-16 5:04:16
212,185.128.136.231:3128,2020-02-25 2:51:01
213,157.230.103.189:36366,2020-02-24 9:40:46
214,167.99.225.217:8080,2020-02-10 16:40:32
215,138.68.60.8:8080,2020-02-14 19:22:08
216,103.134.255.128:80,2020-02-15 1:36:45
217,150.239.65.242:3128,2020-02-14 11:42:31
218,191.101.39.154:80,2020-02-14 23:42:30
219,114.7.27.98:8080,2020-02-22 3:39:37
220,124.40.55.22:8082,2020-02-10 6:18:07
221,151.232.72.12:80,2020-02-28 3:10:26
222,150.239.66.236:3128,2020-02-06 18:17:36
223,202.212.171.92:3128,2020-02-26 2:03:57
224,148.81.199.253:80,2020-02-22 5:46:50
225,185.43.5.155:3128,2020-02-15 1:52:12
226,85.133.210.42:3128,2020-02-21 11:56:56
227,165.22.64.68:32817,2020-02-15 4:11:37
228,150.239.65.167:3128,2020-02-02 5:15:42
229,181.52.85.249:36107,2020-02-03 22:03:55
230,31.14.49.1:8080,2020-02-28 19:11:50
231,95.168.96.42:34273,2020-02-22 4:10:16
232,78.109.196.162:3128,2020-02-26 18:17:56
233,59.125.123.129:81,2020-02-10 20:35:44
234,82.99.232.18:58689,2020-02-02 8:23:54
235,149.100.165.85:8080,2020-02-13 9:34:42
236,64.225.75.231:8080,2020-02-09 0:22:27
237,86.109.33.57:8080,2020-02-08 4:54:16
238,94.141.117.1:8080,2020-02-21 22:44:27
239,103.37.82.163:80,2020-02-14 12:58:51
240,18.237.65.95:3128,2020-02-25 8:53:53
241,150.239.66.2:3128,2020-02-16 18:27:47
242,86.57.237.53:3128,2020-02-26 12:43:06
243,14.207.7.126:8213,2020-02-14 7:33:31
244,193.233.14.18:3128,2020-02-20 14:29:38
245,103.95.14.58:3128,2020-02-15 19:57:26
246,1.10.189.156:32078,2020-02-16 13:34:21
247,103.28.121.58:80,2020-02-01 6:30:31
248,190.57.143.66:50719,2020-02-05 20:08:16
249,116.203.218.88:80,2020-02-23 23:35:21
250,103.145.44.21:80,2020-02-09 5:51:38
251,154.211.14.171:1080,2020-02-25 5:30:51
252,179.154.254.137:8080,2020-02-21 8:30:21
253,36.65.213.43:8080,2020-02-17 15:11:28
254,7.120.239.152:3128,2020-02-08 21:16:58
255,49.204.79.85:80,2020-02-15 17:59:57
256,151.232.72.13:80,2020-02-25 18:41:36
257,150.239.65.248:3128,2020-02-11 2:55:21
258,150.239.66.73:3128,2020-02-01 10:54:18
259,124.40.55.22:8082,2020-02-13 20:55:42
260,151.232.72.12:80,2020-02-04 16:50:22
261,138.68.60.8:8080,2020-02-03 18:52:30
262,103.134.255.128:80,2020-02-10 3:02:26
263,150.239.65.242:3128,2020-02-08 3:37:43
264,191.101.39.154:80,2020-02-26 13:57:29
265,114.7.27.98:8080,2020-02-26 3:37:33
266,124.40.55.22:8082,2020-02-09 16:19:05
267,151.232.72.12:80,2020-02-23 8:37:21
268,150.239.66.236:3128,2020-02-20 0:27:37
269,202.212.171.92:3128,2020-02-16 18:43:34
270,148.81.199.253:80,2020-02-13 18:22:49
271,185.43.5.155:3128,2020-02-09 3:58:11
272,85.133.210.42:3128,2020-02-13 7:04:19
273,165.22.64.68:32817,2020-02-22 12:01:23
274,150.239.65.167:3128,2020-02-16 1:40:24
275,181.52.85.249:36107,2020-02-16 16:07:03
276,31.14.49.1:8080,2020-02-20 17:40:05
277,150.239.66.236:3128,2020-02-07 21:33:52
278,150.239.65.248:3128,2020-02-02 22:24:32
279,150.239.66.73:3128,2020-02-28 9:16:29
280,124.40.55.22:8082,2020-02-07 15:13:35
281,124.40.55.4:8082,2020-02-24 9:49:39
282,34.203.142.175:80,2020-02-17 17:40:30
283,193.226.199.110:32231,2020-02-11 11:50:19
284,14.97.2.106:80,2020-02-14 1:16:44
285,202.180.54.97:8080,2020-02-15 1:06:31
286,191.101.39.81:80,2020-02-01 10:51:19
287,136.233.215.136:80,2020-02-11 1:23:02
288,167.99.40.127:8080,2020-02-01 22:43:39
289,89.74.114.10:3128,2020-02-01 14:17:08
290,139.59.50.100:8080,2020-02-16 22:03:02
291,139.59.60.174:8080,2020-02-23 11:00:42
292,136.233.215.139:80,2020-02-08 10:05:24
293,51.83.193.208:80,2020-02-18 6:46:28
294,51.83.193.220:80,2020-02-17 17:16:56
295,31.173.187.78:8080,2020-02-02 11:15:19
296,80.249.176.214:3128,2020-02-02 23:08:22
297,89.38.225.163:3128,2020-02-13 0:21:47
298,67.43.224.142:3128,2020-02-25 19:34:27
299,167.71.239.213:8080,2020-02-17 2:41:15
300,167.172.31.118:8080,2020-02-24 9:56:25
301,103.134.255.178:80,2020-02-27 23:15:15
302,103.134.255.189:80,2020-02-27 3:27:16
303,172.105.239.175:80,2020-02-22 9:29:16
304,161.35.236.155:80,2020-02-03 22:47:13
305,185.221.237.88:80,2020-02-04 16:59:40
306,206.189.132.13:8080,2020-02-16 4:19:45
307,67.43.224.136:3128,2020-02-19 20:13:06
308,2.180.33.84:80,2020-02-18 22:18:10
309,167.71.5.83:8080,2020-02-08 17:01:14
310,150.239.65.248:3128,2020-02-11 12:49:19
311,150.239.66.73:3128,2020-02-07 14:26:26
312,124.40.55.22:8082,2020-02-03 16:39:37
313,103.134.255.86:80,2020-02-23 23:06:58
314,89.249.65.191:3128,2020-02-28 6:38:39
315,13.125.21.255:3128,2020-02-01 7:50:02
316,77.232.100.132:80,2020-02-20 22:33:29
317,89.208.35.79:60358,2020-02-03 6:22:12
318,150.239.66.153:3128,2020-02-26 12:06:10
319,45.64.133.214:80,2020-02-24 1:14:22
320,78.60.203.75:47385,2020-02-25 5:25:29
321,5.15.46.139:8080,2020-02-13 19:38:07
322,90.189.110.170:3128,2020-02-10 18:08:51
323,5.189.133.231:80,2020-02-08 22:54:15
324,79.137.44.85:3129,2020-02-05 0:16:42
325,87.237.234.187:3128,2020-02-03 17:21:31
326,151.232.72.22:80,2020-02-12 2:10:44
327,183.89.91.15:8080,2020-02-15 17:37:19
328,179.154.254.137:8080,2020-02-08 10:08:31
329,36.65.213.43:8080,2020-02-24 5:02:10
330,7.120.239.152:3128,2020-02-18 8:53:47
331,49.204.79.85:80,2020-02-17 21:19:34
332,151.232.72.13:80,2020-02-06 11:47:03
333,150.239.65.248:3128,2020-02-05 3:38:33
334,150.239.66.73:3128,2020-02-15 16:45:44
335,124.40.55.22:8082,2020-02-25 23:32:20
336,151.232.72.12:80,2020-02-22 15:31:34
337,150.239.66.236:3128,2020-02-07 17:39:11
338,150.239.65.248:3128,2020-02-19 19:50:35
339,150.239.66.73:3128,2020-02-08 5:58:52
340,124.40.55.22:8082,2020-02-01 1:59:33
341,124.40.55.4:8082,2020-02-17 18:26:18
342,34.203.142.175:80,2020-02-01 3:52:06
343,173.212.202.65:80,2020-02-04 13:29:08
344,5.189.133.231:80,2020-02-08 11:23:24
345,79.137.44.85:3129,2020-02-08 8:08:15
346,87.237.234.187:3128,2020-02-02 6:08:14
347,151.232.72.22:80,2020-02-02 12:18:50
348,183.89.91.15:8080,2020-02-02 18:19:05
349,179.154.254.137:8080,2020-02-04 9:02:40
350,36.65.213.43:8080,2020-02-11 18:36:46
351,7.120.239.152:3128,2020-02-29 16:06:01
352,49.204.79.85:80,2020-02-09 19:26:56
353,78.47.16.54:80,2020-02-19 3:23:10
354,101.108.118.71:8080,2020-02-01 3:50:35
355,118.99.113.15:8080,2020-02-17 3:00:40
356,183.89.91.15:8080,2020-02-24 3:08:34
357,179.154.254.137:8080,2020-02-25 2:14:56
358,150.239.65.107:3128,2020-02-08 12:12:01
359,157.230.241.211:8080,2020-02-22 19:33:18
360,103.240.161.108:6666,2020-02-17 1:39:43
361,62.23.15.92:3128,2020-02-21 10:08:34
362,191.242.179.138:3128,2020-02-22 0:06:06
363,103.120.144.144:80,2020-02-03 2:46:33
364,185.12.69.174:8080,2020-02-21 4:05:59
365,187.33.67.66:3128,2020-02-24 7:12:40
366,94.74.144.150:8080,2020-02-08 23:36:35
367,3.139.57.15:3128,2020-02-06 19:02:20
368,78.140.201.254:11335,2020-02-05 12:45:30
369,89.36.195.238:35328,2020-02-03 22:51:45
370,81.95.230.211:3128,2020-02-02 19:04:04
371,167.172.191.249:34327,2020-02-21 14:29:43
372,150.239.66.174:3128,2020-02-18 4:05:07
373,46.225.237.174:8080,2020-02-26 20:35:34
374,150.129.148.88:35101,2020-02-12 9:39:39
375,93.126.59.201:8080,2020-02-11 9:48:39
376,103.207.38.178:808,2020-02-05 17:38:40
377,172.104.55.189:8080,2020-02-03 22:00:18
378,169.255.126.211:30640,2020-02-05 20:44:10
379,51.75.147.35:3128,2020-02-17 18:27:57
380,118.99.104.143:8080,2020-02-15 15:41:12
381,187.243.255.174:8080,2020-02-26 1:28:09
382,117.103.68.129:8080,2020-02-18 11:43:54
383,139.99.105.5:80,2020-02-10 10:42:48
384,188.165.141.114:3129,2020-02-02 14:28:27
385,45.64.179.242:53281,2020-02-03 9:11:49
386,167.71.41.173:35647,2020-02-22 7:18:05
387,188.165.16.230:3129,2020-02-23 19:04:10
388,14.192.31.17:50838,2020-02-21 18:56:13
389,191.101.39.27:80,2020-02-02 17:31:14
390,132.145.18.53:80,2020-02-15 13:31:40
391,151.232.72.22:80,2020-02-05 4:55:32
392,150.239.65.107:3128,2020-02-08 5:25:38
393,157.230.241.211:8080,2020-02-07 9:04:27
394,103.240.161.108:6666,2020-02-24 2:09:26
395,62.23.15.92:3128,2020-02-05 7:38:05
396,191.242.179.138:3128,2020-02-10 12:30:39
397,103.120.144.144:80,2020-02-23 1:58:54
398,124.40.55.22:8082,2020-02-04 11:40:46
399,124.40.55.4:8082,2020-02-17 12:45:25
400,34.203.142.175:80,2020-02-06 16:15:24
401,173.212.202.65:80,2020-02-09 23:40:42
402,5.189.133.231:80,2020-02-23 16:04:33
403,79.137.44.85:3129,2020-02-22 21:22:22
404,89.111.105.91:41258,2020-02-22 10:40:42
405,49.204.79.81:80,2020-02-27 11:07:54
406,103.78.254.78:80,2020-02-14 18:41:11
407,89.221.223.234:80,2020-02-07 19:38:40
408,144.217.101.245:3129,2020-02-01 4:27:32
409,202.187.45.90:80,2020-02-27 17:52:46
410,14.97.26.195:80,2020-02-08 12:31:30
411,79.110.52.252:3128,2020-02-20 10:17:37
412,80.94.195.122:3128,2020-02-02 0:02:41
413,37.120.239.150:3128,2020-02-15 9:20:33
414,151.106.34.87:80,2020-02-05 8:01:31
415,65.160.224.144:80,2020-02-10 15:46:57
416,178.128.144.28:3128,2020-02-20 4:03:22
417,188.163.170.130:41209,2020-02-13 10:20:12
418,188.163.170.130:41209,2020-02-29 10:27:00
419,161.202.226.194:80,2020-02-08 19:30:56
420,151.232.72.16:80,2020-02-10 20:17:33
421,188.163.170.130:41209,2020-02-22 6:06:14
422,116.0.3.140:8080,2020-02-08 18:35:02
423,47.242.78.34:8000,2020-02-16 12:33:13
424,102.141.210.93:53281,2020-02-12 11:35:40
425,36.89.243.187:39694,2020-02-12 5:12:36
426,188.163.170.130:41209,2020-02-02 8:07:42
427,150.239.65.145:3128,2020-02-01 3:22:59
428,103.250.158.21:6666,2020-02-20 19:44:29
429,46.175.186.24:8081,2020-02-12 20:42:40
430,130.61.232.109:80,2020-02-20 1:57:53
431,103.220.204.223:80,2020-02-19 12:16:07
432,154.0.155.205:8080,2020-02-26 13:12:27
433,196.218.38.116:8080,2020-02-23 10:28:38
434,80.78.74.133:55443,2020-02-08 15:45:21
435,150.239.65.24:3128,2020-02-06 11:28:55
436,45.235.110.67:53281,2020-02-23 21:58:38
437,150.239.65.243:3128,2020-02-12 16:03:25
438,45.64.179.242:53281,2020-02-21 23:22:53
439,167.71.41.173:35647,2020-02-15 11:03:15
440,188.165.16.230:3129,2020-02-23 23:15:29
441,14.192.31.17:50838,2020-02-02 1:21:53
442,191.101.39.27:80,2020-02-25 4:53:19
443,132.145.18.53:80,2020-02-09 20:16:25
444,151.232.72.22:80,2020-02-19 19:11:54
445,151.232.72.18:80,2020-02-13 13:45:31
446,151.232.72.21:80,2020-02-25 22:21:31
447,1.226.23.121:8197,2020-02-22 19:11:38
448,103.152.5.70:8080,2020-02-16 23:14:02
449,176.9.75.42:8080,2020-02-12 12:10:35
450,136.232.209.70:47423,2020-02-12 22:43:50
451,13.112.200.28:3001,2020-02-06 9:59:04
452,150.239.65.73:3128,2020-02-10 18:37:56
453,150.129.148.99:35101,2020-02-01 18:38:39
454,178.128.125.16:34027,2020-02-27 12:41:24
455,193.239.86.247:3128,2020-02-25 20:28:53
456,37.120.140.242:3128,2020-02-29 1:14:37
457,145.239.121.218:3129,2020-02-16 11:41:58
458,81.163.43.43:41258,2020-02-03 23:44:54
459,185.236.203.209:3128,2020-02-18 10:33:59
460,103.134.168.81:80,2020-02-16 12:43:48
461,193.239.86.249:3128,2020-02-02 17:51:57
462,37.120.239.151:3128,2020-02-19 18:28:07
463,185.94.191.100:3128,2020-02-29 22:23:00
464,176.241.89.170:31921,2020-02-15 2:42:15
465,185.135.115.243:3128,2020-02-12 20:18:51
466,3.34.181.76:3128,2020-02-23 6:23:00
467,110.77.232.84:43178,2020-02-05 8:01:18
468,150.242.182.98:80,2020-02-20 4:25:22
469,183.88.219.206:41564,2020-02-07 14:29:45
470,188.163.170.130:41209,2020-02-18 20:07:49
471,139.99.102.114:80,2020-02-22 0:05:50
472,157.230.255.230:8118,2020-02-20 10:28:13
473,139.99.105.185:80,2020-02-05 20:36:50
474,110.44.124.220:55443,2020-02-09 13:38:13
475,181.209.90.117:8080,2020-02-16 11:54:22
476,45.12.19.35:3128,2020-02-24 22:27:47
477,161.202.110.154:12345,2020-02-10 2:52:23
478,165.22.14.213:8080,2020-02-26 12:58:46
479,139.59.1.14:8080,2020-02-25 16:15:25
480,37.120.239.152:3128,2020-02-12 9:11:56
481,49.204.79.85:80,2020-02-02 14:42:18
482,78.47.16.54:80,2020-02-29 17:50:06
483,101.108.118.71:8080,2020-02-01 23:37:56
484,118.99.113.15:8080,2020-02-05 8:30:28
485,183.89.91.15:8080,2020-02-23 11:49:35
486,179.154.254.137:8080,2020-02-17 17:27:59
487,36.65.213.43:8080,2020-02-12 16:55:02
488,7.120.239.152:3128,2020-02-07 11:44:13
489,49.204.79.85:80,2020-02-18 15:29:31
490,78.47.16.54:80,2020-02-21 5:22:18
491,101.108.118.71:8080,2020-02-12 21:25:31
492,118.99.113.15:8080,2020-02-07 17:37:21
493,183.89.91.15:8080,2020-02-13 21:35:22
494,179.154.254.137:8080,2020-02-17 0:27:10
495,36.65.213.43:8080,2020-02-21 23:12:05
496,182.253.167.234:8080,2020-02-14 3:38:18
497,118.174.234.21:43195,2020-02-01 22:18:53
498,150.239.66.249:3128,2020-02-07 10:09:22
499,175.100.103.132:55667,2020-02-03 2:37:04
500,89.221.223.204:80,2020-02-08 23:57:32